{"epoch": 0, "ValAccuracy": 86.81, "_timestamp": 1710785911.589616, "_runtime": 17.198474168777466, "_step": 0, "_wandb": {"runtime": 15}}