{"epoch": 9, "ValAccuracy": 87.50666666666666, "_timestamp": 1710785448.944748, "_runtime": 158.97255301475525, "_step": 9, "_wandb": {"runtime": 157}}