{"epoch": 0, "ValAccuracy": 86.61666666666666, "_timestamp": 1710785888.589953, "_runtime": 16.466475009918213, "_step": 0, "_wandb": {"runtime": 15}}