{"epoch": 0, "ValAccuracy": 86.03, "_timestamp": 1710786040.390291, "_runtime": 16.311604022979736, "_step": 0, "_wandb": {"runtime": 15}}