{"ValAccuracy": "87.02333333333333", "_timestamp": 1710784633.0570931, "_runtime": 31.756158113479614, "_step": 1}