{"epoch": 0, "ValAccuracy": 86.53333333333335, "_timestamp": 1710785628.6420648, "_runtime": 16.516321897506714, "_step": 0, "_wandb": {"runtime": 15}}