{"epoch": 0, "ValAccuracy": 86.4, "_timestamp": 1710785653.164029, "_runtime": 17.229787826538086, "_step": 0, "_wandb": {"runtime": 15}}