{"epoch": 0, "ValAccuracy": 86.46000000000001, "_timestamp": 1710786556.807549, "_runtime": 17.513410091400146, "_step": 0}