{"ValAccuracy": 87.28666666666666, "_timestamp": 1710784933.04802, "_runtime": 95.27675795555115, "_step": 5, "_wandb": {"runtime": 103}}